Days passed,VET,OCE,APY
0,166.86802512921756,6145.1855815311,0.0
1,165.81529293175262,6188.484809845588,0.11144180391496
2,167.60042268114543,6130.645921112045,0.1760246425625516
3,159.30102014878395,6457.756298255919,0.0480749306912697
4,160.81738404218677,6404.403392908719,0.1234685622771039
5,161.64812584647632,6381.93508326736,0.16882431496300554
