Days passed,VET,VEED,APY
0,261.2143367008288,4269.38222512134,0.0
1,271.4831435345328,4159.655908435597,2.094332296976712
2,270.83356076052263,4166.555297697323,0.988002013991564
3,261.640411096502,4320.431321987583,0.8168617299780597
4,258.38139840521256,4426.400152172652,1.1254125370667087
