Days passed,VET,VPU,APY
0,1508.5225071463385,703.761590646197,0.0
1,1842.8220437377784,576.7275651599316,-6.962245679346652
2,1955.4539362897765,543.9257499719325,-5.774909022435135
3,1974.7865262533287,540.4132913882099,-3.900302567393754
4,2180.332397065817,490.6681426078178,-5.418882658328074
5,2116.200831090136,507.0331699117646,-3.50843567613492
